customer,age,income,purchase,gender,churn,date
1,56,2049396,48,Male,0,2024-04-12
2,69,828861,37,Female,0,2025-03-11
3,46,861614,79,Female,0,2026-05-10
4,32,879574,44,Male,0,2024-09-27
5,60,698870,15,Male,1,2024-04-16
6,25,2499998,43,Male,0,2024-03-12
7,38,866997,48,Female,0,2025-12-01
8,56,1926351,87,Female,0,2024-01-21
9,36,1272647,70,Male,0,2025-09-06
10,40,1831107,46,Male,0,2024-05-01
11,28,1228455,43,Male,0,2025-04-11
12,28,1112259,21,Female,1,2024-08-02
13,41,2469464,23,Female,0,2024-11-26
14,70,1505794,80,Female,0,2025-04-03
15,53,1463455,47,Male,1,2024-03-28
16,57,1612290,15,Male,0,2025-01-07
17,41,2150367,25,Female,1,2024-04-09
18,20,2110705,36,Male,0,2026-05-21
19,39,1801596,75,Female,0,2025-10-25
20,70,1128818,51,Male,0,2024-05-10
21,19,2354260,15,Male,0,2025-10-23
22,41,1729297,68,Male,0,2024-11-04
23,61,1359771,21,Male,1,2026-02-08
24,47,1285244,13,Female,1,2024-12-09
25,55,2427712,86,Male,0,2025-05-06
26,19,1247172,19,Female,0,2025-02-17
27,38,2445131,34,Female,0,2026-03-16
28,50,1398425,78,Female,0,2025-01-20
29,29,251745,68,Male,1,2024-07-10
30,39,2294157,52,Female,1,2024-10-03
31,61,291865,27,Female,1,2024-06-09
32,42,1461466,29,Female,1,2025-04-04
33,66,1272200,28,Male,0,2024-11-09
34,44,2320473,35,Male,1,2024-01-22
35,59,1422869,8,Female,0,2024-09-09
36,45,2483869,16,Male,1,2026-01-17
37,33,1629551,36,Female,0,2026-05-06
38,32,2481020,30,Female,1,2025-07-14
39,64,2392409,18,Male,1,2025-04-19
40,68,788579,2,Female,1,2024-02-28
41,61,2487623,49,Male,0,2025-05-25
42,72,1114032,77,Male,0,2025-11-12
43,69,1767438,4,Female,0,2025-04-20
44,74,2166382,90,Male,0,2025-11-30
45,20,1724350,89,Male,0,2026-02-21
46,54,1117559,94,Female,0,2024-07-08
47,68,835605,75,Female,1,2025-11-17
48,24,589593,7,Male,1,2025-07-16
49,38,1015131,95,Male,0,2026-05-25
50,26,267661,74,Female,0,2025-07-20
51,56,1920684,39,Male,0,2024-08-31
52,35,1394682,13,Male,0,2026-04-11
53,21,2278007,31,Male,0,2025-05-19
54,42,1507506,71,Male,0,2024-05-10
55,31,2171206,63,Male,0,2025-04-29
56,67,1053499,56,Male,0,2026-03-29
57,26,318033,42,Male,0,2025-10-08
58,43,830265,61,Female,0,2024-01-21
59,70,1878050,42,Female,0,2026-04-20
60,19,1415502,56,Female,0,2024-06-15
61,37,1819135,36,Female,0,2024-09-30
62,45,631734,84,Female,0,2025-01-22
63,64,1621796,68,Male,1,2025-08-23
64,24,2298214,7,Male,1,2024-11-11
65,61,2392614,54,Male,0,2024-01-14
66,25,1648021,1,Male,0,2024-08-29
67,64,1698585,44,Female,0,2026-02-15
68,52,970173,45,Male,0,2024-12-11
69,31,858956,47,Male,0,2025-07-18
70,34,1647960,13,Female,0,2026-06-16
71,53,1880963,22,Male,1,2024-12-05
72,67,667010,21,Male,1,2024-04-01
73,57,1855016,86,Female,0,2025-01-01
74,21,1897900,92,Male,0,2025-03-30
75,19,586193,9,Male,1,2025-03-03
76,23,226734,26,Male,1,2025-05-23
77,71,1123875,9,Male,1,2026-02-14
78,59,2323221,15,Male,0,2026-07-31
79,21,737198,10,Female,0,2024-02-04
80,71,1584199,88,Female,0,2024-07-24
81,46,281264,42,Female,0,2024-03-21
82,35,223275,72,Female,0,2026-07-20
83,43,2488228,24,Female,0,2025-07-15
84,61,1202163,80,Female,0,2026-05-21
85,51,1958489,49,Male,1,2025-01-22
86,27,772735,26,Female,0,2024-01-02
87,53,2200609,91,Female,0,2025-01-24
88,31,1112826,37,Male,1,2025-07-19
89,48,1062522,68,Male,1,2024-04-15
90,65,1003692,50,Female,1,2026-02-10
91,32,1361157,24,Male,0,2026-04-01
92,25,1514532,19,Female,0,2025-04-21
93,31,621240,60,Male,1,2025-12-03
94,40,1144789,39,Female,0,2025-02-05
95,74,2413573,74,Male,0,2025-12-30
96,57,725893,89,Male,0,2025-07-09
97,38,2369455,18,Female,1,2024-06-10
98,33,2455363,19,Female,1,2024-07-20
99,62,1194653,36,Female,1,2024-09-26
100,35,387210,74,Female,0,2026-05-12
101,64,1062557,97,Female,0,2026-03-26
102,70,2442142,55,Male,0,2024-09-27
103,41,1407094,69,Female,0,2025-03-31
104,43,2421192,47,Female,0,2025-04-06
105,42,868406,49,Male,1,2025-12-27
106,62,618034,99,Male,1,2024-09-08
107,58,1233255,98,Female,0,2025-12-02
108,46,995543,33,Male,0,2024-10-22
109,32,740677,21,Male,0,2025-12-25
110,62,1895041,81,Female,0,2025-12-20
111,18,1932682,22,Male,0,2026-01-18
112,42,1371459,48,Male,1,2024-12-03
113,24,1991822,37,Female,0,2026-05-28
114,26,2166197,15,Female,1,2024-02-22
115,41,587952,35,Male,1,2026-03-02
116,18,2409373,92,Male,0,2026-07-10
117,61,1230117,71,Female,1,2024-08-04
118,25,725134,32,Male,1,2026-02-02
119,41,1589959,11,Male,1,2024-07-06
120,28,444761,10,Male,1,2025-01-14
121,68,2434693,73,Female,0,2025-05-07
122,34,1147609,78,Male,0,2024-02-10
123,25,2077109,77,Male,0,2024-06-05
124,52,264323,57,Female,0,2024-01-15
125,52,1437715,25,Male,1,2026-03-23
126,50,1154480,2,Male,0,2024-03-05
127,22,1054016,64,Female,0,2026-05-06
128,59,1353113,35,Female,1,2026-04-18
129,56,1064909,7,Female,0,2025-06-04
130,58,1815397,85,Female,0,2024-12-09
131,45,988260,18,Male,1,2024-05-08
132,24,1250493,67,Male,0,2025-10-09
133,26,482762,42,Female,1,2025-04-16
134,25,1805118,39,Female,0,2024-03-03
135,29,1616012,41,Male,0,2024-05-18
136,51,1758506,75,Female,1,2025-05-13
137,50,771650,24,Male,0,2025-08-15
138,65,482272,60,Female,0,2025-01-26
139,72,585925,46,Male,0,2025-11-05
140,40,914743,19,Female,1,2025-02-22
141,41,603081,68,Female,0,2024-10-15
142,54,578892,90,Male,0,2025-01-13
143,52,205287,42,Female,0,2026-02-11
144,61,1506241,32,Male,0,2025-05-04
145,57,856702,39,Male,1,2024-08-18
146,39,2185296,36,Male,1,2024-02-10
147,44,2283592,97,Male,0,2024-01-28
148,52,2390222,36,Male,0,2024-05-14
149,18,1678050,3,Female,1,2024-07-19
150,52,1211293,73,Female,1,2026-04-19
151,54,1290654,8,Male,1,2026-02-18
152,64,807812,97,Female,0,2026-07-18
153,31,986667,70,Male,1,2024-02-02
154,20,1553649,41,Female,1,2024-02-17
155,18,1375885,68,Female,0,2025-05-17
156,22,1578164,13,Female,0,2025-02-10
157,43,1912503,49,Female,0,2025-07-27
158,72,1584418,60,Male,0,2025-12-28
159,31,586594,2,Male,0,2026-03-15
160,56,1292501,60,Female,0,2024-04-08
161,44,1244027,5,Female,0,2025-11-14
162,26,337023,44,Male,1,2026-05-21
163,32,1335964,27,Female,1,2025-12-26
164,32,732295,32,Male,1,2025-06-30
165,43,1683624,21,Male,0,2026-01-08
166,59,2355748,8,Male,0,2025-09-04
167,30,2156109,72,Female,0,2026-07-31
168,68,1073172,50,Male,0,2025-04-06
169,49,722244,67,Female,1,2025-10-04
170,56,1661074,44,Male,0,2026-02-07
171,66,879290,58,Female,0,2024-01-05
172,69,2055619,3,Female,1,2024-08-05
173,49,1262636,86,Female,0,2025-05-17
174,21,1986921,70,Male,0,2026-02-05
175,47,1767121,2,Male,0,2025-02-01
176,54,1029735,87,Female,1,2026-05-20
177,40,1288287,44,Female,0,2026-03-05
178,56,535484,2,Female,0,2025-01-27
179,62,1351550,81,Male,0,2024-07-25
180,32,1650976,35,Male,1,2024-01-15
181,60,889376,98,Male,1,2026-05-07
182,46,638774,87,Male,0,2025-07-07
183,53,1114228,30,Female,0,2026-06-10
184,30,1153959,8,Female,1,2025-04-05
185,49,2389415,22,Male,0,2025-11-21
186,24,1121522,44,Male,0,2025-07-28
187,68,1827781,58,Female,0,2026-05-13
188,39,545266,36,Male,0,2026-01-12
189,45,1738601,69,Male,0,2024-08-28
190,19,543054,77,Male,0,2025-07-17
191,59,1516128,93,Male,0,2024-04-05
192,62,1307955,31,Male,1,2026-06-18
193,74,1273629,47,Male,0,2026-01-03
194,70,1651238,55,Female,0,2025-04-29
195,23,2395875,80,Male,0,2025-02-10
196,45,1521509,62,Male,1,2024-08-18
197,45,2132728,30,Female,1,2026-01-18
198,61,1053088,55,Female,1,2025-10-16
199,61,2099492,16,Female,1,2024-06-19
200,37,1280730,12,Male,0,2025-06-24
201,47,1614397,17,Female,1,2024-02-05
202,28,2102787,16,Male,1,2025-06-08
203,72,1045633,12,Male,0,2024-06-08
204,45,1423520,8,Male,1,2026-04-18
205,42,1819061,84,Female,0,2025-11-29
206,56,1696972,3,Female,1,2024-08-30
207,50,1403358,16,Female,0,2024-03-26
208,18,2099443,30,Female,0,2026-03-06
209,74,1639758,23,Female,1,2025-07-31
210,44,2005468,92,Male,0,2025-11-12
211,74,2361924,5,Male,0,2025-07-10
212,69,326108,84,Male,0,2025-07-27
213,30,1907692,65,Male,1,2026-08-10
214,58,1531329,30,Female,0,2025-10-07
215,20,2280154,21,Female,0,2026-03-06
216,56,2444702,84,Male,0,2024-01-28
217,23,537827,70,Female,1,2025-09-11
218,25,1740889,22,Female,0,2025-07-09
219,44,1903194,82,Male,0,2024-12-05
220,26,588349,72,Male,1,2026-03-08
221,54,1262729,32,Female,1,2024-11-26
222,50,1849189,33,Female,0,2025-10-01
223,68,2179079,16,Male,0,2025-05-20
224,59,594030,76,Male,0,2024-12-13
225,61,276077,38,Male,0,2025-04-17
226,41,333515,98,Female,0,2024-08-18
227,32,1455564,14,Male,0,2024-07-08
228,71,2108327,36,Male,0,2024-08-12
229,49,325885,97,Female,0,2025-01-19
230,49,1096209,23,Female,0,2025-01-11
231,41,741656,66,Female,1,2024-10-09
232,58,870688,85,Female,0,2025-09-24
233,69,2485166,2,Female,0,2025-09-19
234,66,2388903,91,Male,0,2026-01-14
235,66,430203,73,Male,0,2024-09-15
236,69,1013738,65,Female,0,2024-12-24
237,29,2251531,75,Female,0,2025-12-10
238,56,1753731,67,Female,0,2025-03-31
239,19,395716,52,Female,1,2025-02-14
240,20,1090695,62,Female,0,2025-10-10
241,66,200126,23,Male,0,2024-11-13
242,54,1038761,26,Male,0,2025-11-07
243,66,700315,68,Male,0,2024-08-12
244,73,1969246,82,Male,0,2026-03-29
245,34,1358521,55,Female,0,2024-08-21
246,66,1499445,6,Male,1,2025-11-14
247,19,941426,35,Female,0,2025-10-25
248,19,698716,22,Female,0,2026-04-06
249,45,2476106,43,Female,0,2025-01-08
250,71,2202324,15,Male,0,2025-11-02
251,40,2267801,86,Female,0,2025-08-30
252,54,332717,60,Male,0,2025-04-16
253,49,694592,12,Male,1,2024-08-20
254,50,1417078,49,Female,0,2025-11-22
255,18,2154727,42,Female,0,2024-04-22
256,36,2229454,38,Female,1,2026-04-09
257,19,1915630,82,Male,0,2025-05-11
258,70,518408,45,Female,0,2025-03-17
259,61,668276,35,Male,0,2025-07-17
260,43,1214920,30,Female,1,2024-09-24
261,49,2354697,88,Female,0,2025-05-24
262,23,711411,30,Male,0,2026-03-17
263,49,1084377,78,Male,0,2025-01-20
264,72,2310376,6,Male,0,2025-01-21
265,21,240738,67,Male,1,2024-04-22
266,72,2098739,80,Male,0,2025-09-04
267,28,1429336,7,Male,1,2025-09-16
268,73,1217433,52,Female,0,2026-08-09
269,34,666725,14,Female,1,2024-03-21
270,55,1374737,73,Male,0,2025-11-29
271,41,1781530,15,Female,1,2024-04-22
272,22,1044193,21,Male,0,2024-01-02
273,69,2287258,35,Female,0,2025-10-03
274,51,498512,66,Female,1,2024-08-07
275,23,862143,91,Male,0,2025-07-19
276,39,1450155,2,Male,1,2026-05-04
277,28,1196530,35,Male,0,2026-01-05
278,65,971253,82,Female,0,2024-08-12
279,33,2276696,78,Male,0,2025-01-19
280,50,1578246,20,Female,0,2025-02-06
281,26,2236915,82,Male,0,2025-09-29
282,23,583152,10,Female,1,2024-05-09
283,33,1154652,25,Female,0,2024-02-22
284,46,2391422,66,Male,0,2025-11-14
285,20,1245482,25,Female,0,2025-12-30
286,37,2039765,54,Female,0,2025-11-02
287,53,1791961,33,Male,1,2025-12-10
288,36,1914331,36,Female,0,2025-02-19
289,43,2138900,95,Male,0,2024-09-03
290,20,2455920,14,Male,0,2026-04-15
291,36,1495302,65,Male,0,2025-03-14
292,37,770451,80,Male,0,2024-07-21
293,49,219816,54,Female,0,2024-07-02
294,24,1167344,52,Female,1,2024-05-02
295,69,1404565,3,Female,0,2025-02-04
296,58,1869595,99,Male,0,2026-02-05
297,50,1238896,41,Female,0,2024-10-20
298,57,1774623,6,Female,0,2024-10-06
299,56,333554,25,Male,1,2026-04-16
300,35,464223,13,Male,1,2026-06-02
301,57,2168797,98,Female,0,2025-09-01
302,18,1308252,8,Male,0,2024-07-16
303,28,1990380,21,Male,0,2026-06-25
304,45,1863261,98,Male,0,2025-05-25
305,74,1866471,68,Male,0,2026-01-21
306,42,1398097,25,Female,0,2024-05-23
307,67,626752,79,Male,0,2025-08-31
308,40,788365,68,Male,0,2024-07-19
309,48,1024690,45,Male,0,2024-05-03
310,47,903662,60,Male,0,2024-07-05
311,59,1505585,12,Male,1,2024-11-21
312,52,1386293,32,Male,1,2025-04-08
313,24,1630491,96,Male,0,2024-12-14
314,33,1799601,92,Male,0,2026-02-09
315,43,500709,13,Female,1,2025-10-21
316,65,2100163,31,Male,0,2026-02-02
317,74,1434816,78,Female,0,2026-07-20
318,69,1825351,20,Male,0,2025-02-06
319,66,2164956,18,Male,1,2024-12-11
320,19,1523062,93,Male,0,2025-05-25
321,18,1559490,60,Male,1,2024-05-26
322,65,1327199,63,Female,0,2024-05-27
323,29,1217289,6,Male,0,2026-05-13
324,22,2110637,32,Male,0,2025-12-11
325,54,1107425,93,Female,0,2026-03-30
326,49,2480827,43,Female,0,2025-05-03
327,72,1985910,2,Male,0,2026-07-17
328,26,852465,60,Female,0,2026-07-24
329,58,1456182,23,Female,1,2025-10-01
330,52,276218,83,Female,0,2025-07-04
331,36,970044,31,Male,0,2024-12-03
332,65,1584775,5,Male,0,2026-05-21
333,33,1935416,83,Male,0,2025-10-02
334,20,678446,34,Female,0,2026-02-17
335,37,662052,10,Male,1,2026-08-10
336,41,1928096,89,Female,1,2025-04-17
337,71,547739,2,Male,0,2026-08-03
338,73,672327,11,Male,1,2024-05-30
339,50,234911,50,Female,0,2025-02-18
340,41,2122135,31,Male,1,2024-10-24
341,69,1178039,56,Female,1,2025-09-02
342,28,1099885,79,Female,0,2024-09-19
343,66,808746,73,Male,0,2026-02-02
344,25,516915,87,Female,0,2024-05-23
345,53,699876,83,Male,0,2024-12-11
346,55,2162165,9,Male,0,2025-09-15
347,57,811213,99,Female,0,2025-07-25
348,37,968734,21,Male,0,2026-05-30
349,52,247057,73,Female,1,2024-01-02
350,65,1516870,28,Male,1,2026-06-15
351,42,2039433,62,Male,1,2024-10-30
352,52,2226580,7,Male,1,2024-09-10
353,42,908754,80,Male,0,2025-10-13
354,46,2207954,16,Male,0,2025-03-28
355,35,344931,97,Female,0,2024-02-06
356,63,1692252,4,Female,0,2024-06-08
357,35,2459643,4,Female,0,2024-01-09
358,19,601921,40,Female,0,2024-08-20
359,71,2208960,17,Female,0,2024-04-08
360,52,460910,52,Female,1,2025-10-20
361,33,287955,93,Male,0,2026-03-26
362,58,2137878,52,Male,1,2024-07-26
363,53,407990,36,Female,1,2024-05-10
364,50,2285259,38,Female,0,2025-02-07
365,21,738884,50,Male,0,2024-05-31
366,50,2199652,63,Male,0,2024-02-23
367,31,1196261,63,Male,0,2024-04-29
368,38,1905215,62,Female,0,2025-11-03
369,65,1442845,99,Female,0,2026-07-08
370,37,2146504,7,Female,0,2025-09-19
371,73,2435307,27,Male,0,2025-08-09
372,25,1106739,92,Male,1,2025-09-16
373,24,2183851,86,Female,0,2025-02-23
374,20,2196055,14,Female,1,2025-02-25
375,34,1505289,71,Male,0,2024-04-13
376,50,1690077,86,Male,0,2026-05-01
377,65,743351,5,Male,0,2024-09-10
378,29,267642,55,Male,0,2024-08-14
379,68,290093,2,Female,0,2024-04-21
380,39,1756182,62,Male,0,2025-05-24
381,72,417215,91,Male,1,2025-04-17
382,39,2203679,21,Male,1,2024-04-08
383,63,1955856,79,Female,0,2024-06-01
384,47,1932465,21,Female,0,2026-05-10
385,55,235954,10,Male,0,2026-07-02
386,55,726861,87,Male,0,2026-06-14
387,62,2244424,58,Male,0,2026-05-27
388,68,1086040,39,Female,1,2024-12-03
389,71,522918,5,Female,0,2025-12-06
390,25,1272328,65,Female,0,2026-04-01
391,44,2445909,13,Male,0,2024-06-11
392,44,316739,85,Female,0,2025-12-20
393,51,2090969,90,Male,0,2025-11-11
394,38,1486585,85,Male,0,2024-06-09
395,47,980316,53,Male,0,2025-08-02
396,50,1566853,82,Female,0,2026-03-11
397,45,1214929,45,Male,1,2025-02-01
398,64,1766847,32,Female,0,2024-10-03
399,50,1680035,36,Female,0,2026-03-26
400,22,388456,81,Male,0,2026-07-04
401,65,2206032,99,Male,0,2025-05-18
402,36,428504,60,Female,0,2026-06-14
403,21,1894693,11,Male,0,2025-01-26
404,52,2244491,63,Female,1,2024-05-14
405,66,1774486,21,Male,0,2024-07-13
406,34,773044,52,Female,0,2025-02-04
407,61,1289385,55,Female,0,2025-10-01
408,45,1789589,26,Female,0,2024-02-02
409,47,916756,68,Female,0,2025-11-18
410,46,251226,34,Male,1,2025-04-04
411,63,1426476,52,Male,0,2026-06-01
412,70,772212,82,Female,0,2025-04-14
413,23,424137,99,Female,0,2025-01-09
414,52,1700844,93,Male,0,2024-01-22
415,58,1129168,52,Male,0,2026-01-19
416,54,563476,29,Male,1,2025-10-31
417,41,1600283,38,Male,0,2024-02-07
418,46,1933309,42,Male,0,2024-08-17
419,66,1759161,21,Male,0,2024-12-30
420,63,891757,42,Female,0,2025-07-16
421,70,590719,13,Male,0,2025-03-13
422,48,1727937,64,Male,0,2026-02-14
423,52,1349947,17,Female,0,2024-10-09
424,50,2318324,9,Male,1,2024-01-27
425,69,2253490,41,Male,0,2024-08-13
426,38,1196121,1,Male,0,2024-10-03
427,49,908362,2,Male,1,2026-03-08
428,40,1076031,60,Male,1,2025-08-31
429,50,2238435,48,Female,0,2024-10-10
430,20,1470896,29,Male,0,2026-05-28
431,35,1259622,97,Female,0,2025-04-25
432,42,428071,10,Female,0,2025-03-28
433,59,578165,58,Male,0,2026-04-08
434,48,2194849,60,Female,1,2026-03-26
435,71,908662,21,Male,0,2025-10-20
436,20,1515573,28,Female,1,2025-05-30
437,57,1212117,75,Female,0,2025-06-30
438,63,845188,34,Male,1,2024-07-10
439,41,1731191,8,Male,1,2024-02-18
440,67,615008,59,Male,1,2025-05-26
441,49,1831993,86,Male,0,2024-01-17
442,64,1709090,72,Male,0,2024-06-20
443,39,1370365,49,Female,0,2024-08-07
444,40,879418,79,Female,0,2024-06-06
445,19,900780,17,Female,1,2025-04-21
446,44,1811754,60,Female,1,2024-02-15
447,59,1314593,87,Female,0,2025-01-07
448,19,1426952,88,Female,0,2025-06-01
449,43,1936857,45,Female,1,2024-04-08
450,34,856884,83,Male,0,2026-06-10
451,57,1806872,69,Male,0,2026-01-14
452,50,1303913,32,Female,0,2024-02-06
453,26,1524070,44,Female,1,2024-10-06
454,60,1858987,65,Male,0,2024-12-14
455,71,1748459,87,Male,0,2025-05-11
456,65,1793445,8,Male,1,2024-10-28
457,56,1861793,77,Male,0,2024-06-29
458,46,816036,72,Female,0,2025-08-29
459,59,1580346,87,Male,0,2024-04-08
460,72,993392,43,Female,1,2025-11-30
461,43,628988,1,Female,1,2024-04-25
462,52,380553,51,Female,1,2024-07-09
463,67,760696,24,Male,0,2024-09-09
464,42,899983,99,Male,0,2026-07-16
465,41,1391902,24,Female,0,2024-06-09
466,30,1259920,17,Female,0,2024-09-12
467,24,2220836,5,Female,1,2024-11-18
468,74,2402575,20,Male,0,2024-05-07
469,53,664071,21,Female,0,2024-01-18
470,62,386833,58,Male,0,2026-03-03
471,37,917912,31,Female,1,2026-01-04
472,18,975435,11,Female,0,2025-07-19
473,25,2374606,52,Female,0,2025-07-23
474,63,1760473,15,Male,0,2024-11-18
475,33,1764718,83,Male,0,2026-05-21
476,31,1145439,7,Female,1,2025-11-16
477,29,2334793,28,Male,0,2026-03-02
478,68,1802575,51,Female,0,2025-09-17
479,40,2105350,58,Male,0,2024-10-14
480,32,1617616,5,Male,1,2026-07-31
481,45,812121,5,Male,1,2026-05-03
482,51,2129465,94,Female,0,2025-10-24
483,19,1724102,96,Male,1,2025-09-30
484,49,1941134,8,Male,0,2024-06-03
485,40,864180,64,Female,1,2025-05-04
486,39,2235848,10,Female,0,2025-01-20
487,68,1128626,38,Female,0,2026-02-23
488,42,404615,96,Female,0,2024-04-13
489,39,1725233,92,Male,0,2026-07-17
490,39,2003740,81,Male,0,2025-01-27
491,66,1038003,95,Male,0,2026-03-21
492,69,481570,8,Male,0,2024-09-02
493,59,266150,25,Male,0,2024-06-24
494,23,2087383,73,Female,0,2024-02-08
495,32,2418978,66,Male,0,2025-04-21
496,71,759723,79,Male,1,2025-11-12
497,60,2131451,50,Male,0,2026-01-28
498,54,1199554,67,Female,1,2025-06-21
499,50,334055,49,Female,0,2026-05-16
500,25,876022,36,Male,0,2026-03-28
501,70,1009942,68,Female,0,2026-07-09
502,61,896358,78,Female,0,2025-02-11
503,61,1342647,41,Female,0,2025-06-08
504,22,2041648,89,Female,0,2026-04-07
505,56,1555267,62,Female,0,2025-05-20
506,21,2443541,10,Female,1,2026-06-21
507,23,1888472,21,Female,0,2026-04-04
508,62,1211727,36,Male,0,2024-02-05
509,49,454444,12,Male,1,2025-11-15
510,69,2407169,91,Female,0,2024-01-20
511,47,323618,2,Male,1,2024-11-16
512,64,659297,13,Male,0,2026-02-14
513,52,1220154,53,Female,0,2025-05-26
514,72,950865,32,Male,1,2025-02-03
515,57,740659,95,Female,0,2025-10-15
516,69,2293373,16,Female,0,2026-06-01
517,33,1846836,32,Female,1,2025-04-15
518,30,1441835,32,Male,0,2024-05-22
519,67,1070123,98,Male,0,2024-04-01
520,59,2059582,11,Male,1,2024-12-19
521,47,2169510,10,Male,1,2026-04-13
522,36,450195,15,Female,0,2026-03-10
523,34,1392324,17,Female,1,2025-12-27
524,73,2329885,40,Male,1,2026-05-03
525,36,1989616,18,Female,0,2024-02-20
526,45,726338,55,Female,1,2025-10-26
527,72,2407148,73,Male,0,2025-11-28
528,43,758221,25,Female,1,2025-07-28
529,54,749239,59,Male,0,2024-07-08
530,43,756701,78,Female,0,2024-05-04
531,70,1414449,89,Male,0,2024-05-29
532,40,1959555,22,Female,1,2024-11-09
533,26,1099005,30,Female,0,2025-07-23
534,29,1236580,84,Male,1,2024-12-07
535,70,633816,85,Male,0,2024-10-31
536,18,1470464,44,Male,0,2025-11-22
537,18,985332,32,Male,1,2025-11-12
538,64,1994029,51,Female,0,2026-04-17
539,51,967950,46,Female,0,2026-02-21
540,49,366472,21,Male,1,2024-02-23
541,71,597710,99,Female,0,2025-03-19
542,65,322744,32,Male,0,2025-09-04
543,42,1978627,94,Male,0,2024-09-20
544,57,2263499,39,Female,1,2024-02-22
545,62,1750522,12,Female,0,2025-07-25
546,70,791652,47,Male,1,2025-09-11
547,18,1111420,18,Male,0,2024-01-05
548,33,1031460,21,Male,0,2024-04-12
549,56,1110775,13,Female,1,2024-07-14
550,22,1960574,21,Female,1,2026-02-12
551,39,1901165,8,Female,0,2026-05-26
552,46,1112727,46,Female,0,2026-06-02
553,72,1933693,7,Male,0,2024-12-15
554,20,758924,23,Male,0,2024-02-16
555,29,379352,96,Male,0,2026-05-16
556,43,1010694,75,Male,0,2026-04-02
557,33,2490435,86,Male,0,2026-07-24
558,68,1172346,22,Male,1,2026-03-30
559,54,1115015,89,Female,0,2025-10-17
560,39,1698771,22,Female,0,2024-09-25
561,74,1198974,92,Male,0,2025-01-04
562,46,631413,29,Male,1,2025-09-27
563,31,1552564,13,Female,1,2024-04-15
564,45,1151661,82,Female,0,2025-10-31
565,22,1063561,2,Female,0,2025-10-20
566,64,502186,29,Female,0,2025-10-18
567,66,1495160,85,Male,0,2024-04-29
568,47,1226553,79,Male,0,2026-04-10
569,63,1435202,52,Male,0,2026-02-25
570,69,345271,27,Male,1,2025-08-26
571,22,2415685,50,Male,1,2024-02-27
572,29,1168452,95,Female,0,2026-08-08
573,33,1714542,79,Male,0,2024-12-11
574,43,2363414,23,Female,0,2026-01-10
575,43,276898,88,Male,0,2025-04-18
576,65,488316,44,Male,0,2024-04-26
577,38,2208954,77,Male,0,2026-04-09
578,56,2029553,22,Male,0,2026-03-01
579,53,1239504,43,Male,0,2024-05-06
580,50,1932767,37,Female,0,2025-01-27
581,47,2305058,61,Female,0,2026-06-26
582,54,993719,97,Female,0,2025-10-02
583,40,915080,56,Male,0,2024-02-27
584,27,1875843,3,Male,1,2025-09-25
585,71,234701,63,Female,0,2025-05-27
586,22,1921610,19,Male,1,2026-01-20
587,53,2380712,23,Male,1,2026-03-12
588,51,2340794,29,Female,0,2024-04-05
589,69,691036,30,Male,0,2025-09-29
590,48,527304,39,Female,1,2024-04-27
591,27,2052610,25,Male,0,2025-07-13
592,36,1342953,8,Female,1,2025-08-23
593,49,526916,58,Male,0,2025-05-02
594,18,512250,16,Male,0,2024-08-24
595,73,805409,72,Female,0,2026-06-03
596,22,1274135,1,Male,0,2026-06-15
597,62,1056101,5,Male,0,2024-09-28
598,21,1925690,3,Female,1,2024-07-07
599,33,1814737,65,Male,1,2025-12-04
600,41,1092964,4,Female,1,2025-03-22
601,33,2161275,99,Male,1,2025-08-03
602,72,603119,96,Male,0,2026-02-28
603,19,1335564,64,Male,0,2026-05-10
604,66,325991,98,Male,0,2024-09-03
605,45,602732,89,Female,0,2024-03-16
606,49,706079,10,Male,0,2024-06-02
607,44,2150013,21,Female,1,2025-10-17
608,37,1332658,46,Male,1,2025-03-10
609,41,2185209,91,Male,0,2024-03-26
610,29,328322,27,Male,0,2025-11-27
611,67,856951,66,Male,0,2024-10-11
612,52,211303,41,Female,0,2024-08-07
613,50,1410209,13,Female,1,2024-03-09
614,50,1498266,9,Female,0,2024-02-16
615,68,1209612,36,Female,1,2024-04-03
616,60,2032684,86,Male,0,2026-01-19
617,54,2396768,90,Female,0,2025-03-28
618,29,1268199,58,Female,0,2024-07-22
619,20,923035,54,Male,1,2026-06-30
620,18,690042,12,Male,1,2024-08-05
621,50,658298,81,Male,1,2025-04-18
622,57,1247343,78,Male,0,2025-03-07
623,27,1725416,14,Female,0,2024-12-06
624,60,305228,34,Female,0,2025-07-04
625,61,626346,53,Male,0,2025-09-03
626,46,1955692,20,Male,0,2024-10-15
627,30,1084056,75,Male,1,2024-09-10
628,29,1930228,16,Female,0,2026-01-03
629,48,2146793,95,Female,0,2024-12-22
630,63,1769123,70,Male,0,2024-01-23
631,19,2121214,56,Male,0,2026-01-31
632,68,1926470,83,Female,0,2025-06-05
633,67,248874,58,Male,0,2026-01-27
634,52,1822572,4,Male,0,2026-04-16
635,40,909662,4,Female,1,2024-04-09
636,34,1326825,20,Male,0,2026-03-12
637,43,878250,10,Female,1,2024-06-28
638,25,670452,24,Male,0,2024-08-10
639,46,1678301,99,Male,0,2026-06-24
640,43,2339686,26,Female,1,2026-01-31
641,27,816529,37,Female,0,2025-10-20
642,43,2423361,85,Male,1,2025-03-17
643,51,642061,54,Female,0,2025-08-30
644,68,2461286,21,Male,0,2026-02-07
645,58,688972,74,Male,1,2024-11-20
646,24,1323994,38,Female,0,2025-05-30
647,21,1376808,46,Male,1,2024-01-16
648,70,363038,4,Male,1,2026-03-02
649,67,1130491,60,Female,0,2024-12-01
650,62,1416959,57,Female,0,2026-01-28
651,28,1574572,45,Male,1,2024-09-14
652,46,2429231,20,Female,0,2025-05-11
653,73,2499205,17,Female,1,2026-06-14
654,53,800530,71,Female,0,2024-06-08
655,42,1427165,4,Female,1,2025-04-19
656,38,1277833,93,Male,0,2026-05-01
657,74,635423,14,Male,0,2025-10-25
658,53,1392929,3,Male,0,2026-06-26
659,27,523390,88,Female,0,2025-11-20
660,54,1864221,80,Female,0,2025-11-05
661,26,1856671,58,Female,1,2025-01-14
662,41,1687331,55,Female,0,2025-06-28
663,52,2150961,4,Female,1,2026-07-17
664,66,338563,24,Female,0,2025-11-21
665,52,983066,34,Female,0,2025-03-02
666,65,1754623,30,Male,0,2025-09-04
667,53,905552,82,Male,0,2024-09-24
668,35,2246475,19,Female,0,2026-04-14
669,66,797897,31,Female,0,2025-07-30
670,56,972800,60,Female,0,2025-02-20
671,49,1502549,60,Male,0,2024-06-16
672,41,2242999,19,Male,1,2026-04-21
673,40,2102897,49,Female,0,2024-02-12
674,49,1363950,63,Female,0,2025-07-09
675,54,749148,83,Male,0,2024-10-11
676,29,684090,22,Male,1,2025-01-31
677,66,1073698,24,Male,0,2024-01-12
678,72,2135740,76,Male,0,2025-08-29
679,30,942406,30,Female,0,2024-10-28
680,40,1043804,58,Male,0,2026-06-16
681,42,1161568,31,Male,0,2024-09-09
682,52,1780677,64,Female,0,2025-05-13
683,58,1754510,19,Male,0,2026-01-23
684,47,2030815,48,Male,0,2024-02-04
685,34,427286,45,Male,1,2025-12-27
686,66,1012461,94,Female,0,2026-04-28
687,37,432732,55,Male,0,2024-03-30
688,65,1918224,55,Female,0,2026-02-14
689,42,1124044,97,Female,0,2025-08-27
690,39,1586652,18,Male,0,2026-07-10
691,30,2445706,63,Male,0,2025-08-24
692,36,485555,92,Male,0,2025-02-21
693,66,644191,47,Male,0,2024-04-24
694,53,1702337,75,Female,0,2025-09-08
695,29,1754094,57,Male,0,2026-06-21
696,58,1120597,45,Male,1,2024-07-14
697,36,2243338,33,Male,1,2026-04-05
698,29,1686205,17,Female,1,2025-05-15
699,26,424695,70,Male,1,2025-09-17
700,24,1301844,4,Male,0,2025-05-07
701,45,1681006,20,Female,0,2024-03-15
702,31,773189,47,Female,0,2025-02-16
703,48,1610706,91,Male,0,2025-01-10
704,69,2040634,15,Male,0,2025-02-23
705,36,862784,70,Male,1,2025-12-29
706,64,2047865,47,Male,0,2024-10-03
707,33,2186062,78,Male,0,2026-01-30
708,70,1119484,75,Female,0,2025-11-06
709,22,903650,9,Female,0,2025-01-28
710,52,1486936,90,Male,0,2026-05-18
711,29,544855,16,Male,1,2025-04-01
712,42,1755979,69,Female,0,2026-07-08
713,69,1274961,61,Male,1,2024-07-10
714,38,631374,10,Male,1,2026-01-08
715,53,1334106,50,Male,0,2025-11-19
716,70,2003847,3,Male,1,2024-04-08
717,40,483707,77,Male,1,2025-07-01
718,33,2171856,94,Female,0,2024-04-05
719,74,1678236,70,Male,0,2025-10-25
720,56,1186420,81,Male,0,2025-10-24
721,62,1650503,51,Male,0,2024-07-08
722,70,1978254,19,Female,1,2026-01-05
723,59,443373,42,Female,1,2024-02-06
724,56,547697,35,Female,1,2026-02-18
725,31,1410355,46,Female,1,2025-01-03
726,48,1418758,26,Male,0,2025-11-25
727,22,1246914,69,Female,0,2025-06-08
728,52,1855743,93,Male,0,2024-10-05
729,40,1156331,64,Male,0,2024-08-04
730,46,1486836,37,Female,0,2026-05-16
731,60,2087106,84,Female,0,2026-05-22
732,28,986958,49,Female,1,2026-03-08
733,35,530904,21,Female,0,2024-09-29
734,64,1296413,74,Female,0,2026-05-30
735,29,718349,64,Male,1,2024-03-02
736,26,997968,5,Female,1,2025-08-18
737,27,279083,70,Female,0,2026-05-29
738,61,2217107,90,Female,0,2025-12-29
739,34,1614821,4,Male,0,2024-12-07
740,55,1847608,39,Female,0,2025-01-31
741,24,854037,35,Male,1,2025-11-29
742,63,2084276,1,Female,0,2024-01-19
743,30,2004673,24,Female,1,2024-06-25
744,57,809996,57,Male,1,2025-09-03
745,59,915472,70,Female,0,2025-01-30
746,26,978513,41,Male,1,2025-03-20
747,67,360081,54,Male,1,2024-08-20
748,44,2118317,46,Male,1,2026-07-03
749,19,588590,60,Female,1,2024-03-16
750,22,1965982,60,Female,1,2024-09-21
751,46,1093093,57,Female,0,2025-03-30
752,54,1159192,31,Male,0,2026-03-06
753,55,2348347,84,Female,0,2025-12-18
754,36,364053,24,Male,0,2026-01-04
755,25,793586,89,Female,0,2025-01-18
756,65,2081175,36,Male,0,2025-07-17
757,62,1979240,85,Male,1,2026-04-30
758,18,1288075,30,Male,1,2025-05-20
759,39,1636536,24,Female,1,2025-01-01
760,69,1869211,30,Male,0,2024-05-23
761,34,1559507,86,Male,0,2026-06-03
762,24,1546208,92,Male,0,2024-03-09
763,42,536585,7,Male,1,2024-04-08
764,62,1978599,35,Male,0,2025-01-30
765,21,222431,55,Male,0,2024-01-25
766,53,1443131,92,Female,0,2026-08-05
767,23,847008,14,Female,0,2026-06-09
768,48,773441,10,Male,1,2025-04-13
769,36,468512,80,Female,0,2025-04-28
770,61,376076,16,Female,0,2025-07-18
771,71,2249949,54,Male,0,2024-05-30
772,56,1468300,95,Male,0,2024-05-23
773,44,2147763,89,Male,0,2025-07-22
774,27,1829849,77,Female,0,2024-02-08
775,43,2085077,70,Male,0,2024-04-18
776,36,878758,44,Female,0,2025-11-23
777,56,250861,73,Male,0,2024-02-11
778,20,851406,45,Female,1,2024-07-04
779,62,921001,56,Male,0,2026-07-23
780,30,2306230,84,Male,0,2025-02-01
781,67,2191083,82,Female,0,2024-08-10
782,45,524912,57,Female,0,2025-09-25
783,37,1823911,21,Female,1,2024-05-12
784,45,1044092,68,Female,0,2024-06-11
785,25,2008322,50,Female,0,2024-08-02
786,58,1643717,33,Female,0,2026-01-02
787,56,415048,91,Male,0,2024-08-22
788,18,1890696,7,Female,0,2026-04-22
789,20,1116838,70,Male,0,2025-10-19
790,30,1405663,15,Male,0,2026-01-20
791,45,233320,82,Female,1,2025-08-10
792,74,527025,32,Male,0,2024-01-09
793,66,564359,75,Female,1,2024-03-14
794,42,1143793,20,Female,0,2025-05-06
795,73,1508507,88,Male,0,2026-07-01
796,50,1143187,15,Male,1,2024-09-09
797,55,1797690,48,Female,0,2024-08-17
798,70,300734,71,Female,1,2025-06-02
799,23,357702,21,Male,1,2024-06-22
800,61,1425811,42,Male,1,2025-10-14
801,62,1347087,26,Male,1,2024-06-16
802,49,929497,14,Male,0,2024-06-18
803,62,2068670,57,Female,0,2025-01-27
804,64,298818,37,Female,1,2026-08-03
805,38,352360,58,Female,0,2026-03-05
806,33,819369,21,Female,1,2025-09-25
807,71,761165,82,Male,0,2024-07-12
808,38,1132817,69,Male,1,2025-05-31
809,28,2369867,3,Female,0,2024-01-29
810,54,341398,87,Female,0,2024-06-13
811,53,1767628,90,Female,0,2025-02-25
812,52,2380338,37,Female,0,2024-12-04
813,36,2192825,88,Female,0,2025-10-09
814,37,1399670,49,Female,1,2025-05-10
815,74,2158637,19,Female,0,2024-12-30
816,35,794604,89,Female,0,2026-04-12
817,64,2249927,85,Female,0,2024-12-07
818,58,464500,12,Male,1,2025-05-14
819,66,2367478,61,Female,0,2025-10-18
820,31,839282,41,Male,0,2025-05-25
821,32,1717509,33,Male,1,2024-11-22
822,48,2140369,50,Female,1,2024-08-04
823,18,1417060,68,Female,0,2024-10-27
824,70,1231519,71,Male,1,2024-05-11
825,71,2289271,86,Male,0,2026-03-14
826,71,989352,33,Female,0,2024-03-10
827,20,684410,81,Male,1,2024-09-08
828,33,2226395,24,Female,1,2025-02-18
829,40,1590281,61,Female,0,2026-02-25
830,74,2051317,61,Female,0,2025-03-20
831,28,1828094,98,Male,0,2026-05-25
832,29,2146830,28,Male,0,2024-06-30
833,27,1768560,58,Female,0,2024-06-15
834,49,665757,43,Male,0,2024-03-31
835,33,2429180,41,Male,0,2025-12-14
836,25,1195843,39,Male,1,2026-05-07
837,55,826045,86,Male,0,2025-06-14
838,29,1681235,49,Male,0,2024-02-08
839,41,501207,17,Male,0,2024-05-05
840,45,1624945,98,Male,0,2025-03-26
841,70,1591538,70,Female,0,2024-06-21
842,25,920488,70,Male,1,2025-10-14
843,45,796387,98,Male,0,2026-01-23
844,53,619065,65,Male,0,2024-08-07
845,43,231585,74,Male,1,2025-09-29
846,25,1663807,85,Male,0,2024-02-27
847,67,1816449,5,Male,0,2025-10-21
848,45,489102,2,Male,1,2025-04-20
849,45,1536737,22,Male,0,2025-03-31
850,54,2178281,57,Female,0,2026-04-08
851,58,1290805,66,Male,0,2026-06-13
852,53,449474,74,Male,0,2024-12-26
853,44,460116,98,Male,1,2026-07-23
854,71,2092064,16,Male,1,2024-01-01
855,34,219975,51,Female,0,2025-01-21
856,26,357795,39,Female,0,2024-12-13
857,50,1457949,86,Female,0,2024-07-08
858,70,1224939,76,Female,0,2025-05-19
859,37,1543862,88,Female,0,2024-07-09
860,30,588076,40,Female,1,2025-05-22
861,45,890493,38,Female,0,2025-01-03
862,65,822605,60,Female,0,2025-02-12
863,46,925495,59,Female,1,2026-04-03
864,30,1545766,10,Female,0,2026-07-17
865,63,2398611,99,Female,0,2026-07-22
866,52,961985,64,Female,0,2024-04-26
867,23,2497574,63,Female,0,2024-05-13
868,35,2080901,49,Female,1,2024-02-27
869,68,2160826,64,Female,0,2025-07-09
870,22,1578369,32,Female,0,2025-11-15
871,64,2290212,7,Male,0,2025-11-02
872,42,1236548,21,Female,1,2024-06-21
873,19,2441984,20,Male,0,2026-04-08
874,27,352999,26,Female,1,2026-03-25
875,73,548619,68,Female,0,2024-05-28
876,47,261367,86,Male,0,2024-03-20
877,67,953315,15,Female,0,2026-06-04
878,62,605804,85,Male,0,2024-07-31
879,22,1484382,79,Male,0,2024-07-21
880,72,1293314,86,Male,0,2026-02-02
881,73,1242377,92,Female,0,2024-08-16
882,50,2499484,14,Female,0,2025-11-06
883,71,582729,27,Female,0,2024-08-14
884,18,2111627,40,Male,0,2025-10-20
885,35,1268392,58,Male,1,2025-06-15
886,49,1159744,28,Female,0,2025-03-16
887,64,1123780,26,Female,1,2025-02-05
888,66,1665291,63,Female,0,2024-02-16
889,28,413567,66,Female,0,2024-08-20
890,38,2142811,25,Female,1,2024-10-31
891,43,498090,3,Male,1,2025-06-09
892,42,517348,72,Male,0,2024-05-22
893,39,1431534,44,Male,1,2025-02-18
894,44,1526283,97,Female,0,2025-05-27
895,66,292324,42,Male,0,2025-01-07
896,30,2005808,99,Male,0,2025-07-19
897,50,1520567,6,Male,0,2026-06-04
898,51,226155,39,Male,1,2024-09-15
899,58,541815,52,Male,0,2025-10-17
900,52,1889755,23,Female,0,2025-04-15
901,18,660494,89,Male,0,2026-08-10
902,38,2446533,50,Female,0,2024-01-12
903,65,234707,43,Female,1,2024-11-25
904,72,1137841,19,Female,0,2026-01-05
905,23,1767053,69,Female,1,2026-02-22
906,45,2116545,51,Female,0,2024-12-23
907,34,553299,11,Male,0,2025-02-11
908,22,1407068,12,Male,0,2025-10-29
909,48,1722688,74,Female,0,2025-01-07
910,22,370102,8,Female,1,2024-01-08
911,55,594274,24,Female,0,2024-05-01
912,20,417285,92,Male,0,2024-12-13
913,70,1586980,41,Female,1,2025-11-06
914,40,1408052,36,Male,1,2024-03-30
915,54,1913136,85,Female,0,2025-10-09
916,70,1497076,72,Male,0,2025-11-28
917,54,1938993,55,Female,0,2024-11-11
918,27,1380887,9,Male,0,2024-06-26
919,27,2007610,47,Female,1,2025-06-23
920,36,445546,15,Male,0,2026-01-01
921,34,2124401,48,Male,0,2026-05-18
922,38,2096220,82,Male,0,2024-02-10
923,31,346470,42,Male,0,2026-01-09
924,26,1567223,60,Male,0,2025-12-04
925,63,1255146,84,Male,0,2026-07-11
926,18,279141,70,Male,0,2025-05-16
927,68,212115,12,Female,0,2024-05-24
928,62,1543276,2,Female,0,2024-07-19
929,30,1774833,7,Female,1,2026-07-17
930,21,2248891,80,Female,0,2025-12-24
931,18,1370439,3,Female,0,2025-04-05
932,66,996657,3,Male,1,2026-01-01
933,57,847296,27,Male,0,2026-01-21
934,49,1749302,40,Male,1,2026-07-13
935,51,1878687,33,Male,1,2026-06-27
936,45,1000101,92,Male,0,2025-07-11
937,48,2159406,1,Female,0,2025-06-30
938,25,1883541,8,Female,1,2024-09-09
939,56,2019822,32,Female,0,2025-01-24
940,43,1244257,48,Female,1,2025-08-16
941,51,2345472,4,Male,0,2026-06-01
942,71,1164918,94,Male,1,2024-09-12
943,71,696758,70,Male,1,2025-12-09
944,20,1395225,19,Female,1,2026-03-25
945,67,1373930,32,Male,0,2026-07-09
946,29,648625,9,Female,1,2025-03-25
947,18,228625,12,Male,0,2024-01-10
948,71,1707630,11,Male,0,2026-04-03
949,61,1476647,46,Female,1,2026-03-08
950,22,688011,16,Male,1,2024-08-29
951,47,1422471,1,Male,1,2024-09-07
952,47,516205,63,Female,1,2026-05-26
953,74,301376,21,Male,1,2024-01-05
954,34,2114142,30,Female,0,2024-04-28
955,65,1530228,13,Male,0,2026-03-11
956,64,358056,34,Male,0,2025-01-08
957,40,834457,4,Male,0,2024-03-05
958,32,662785,28,Male,0,2024-05-25
959,54,1876273,95,Male,0,2024-08-11
960,38,2183167,59,Male,1,2024-08-26
961,31,1748229,27,Male,0,2024-06-25
962,19,1178080,69,Male,0,2026-02-17
963,28,942488,25,Female,1,2026-05-02
964,68,2238540,3,Female,0,2024-10-08
965,56,882568,97,Male,1,2024-03-03
966,55,921384,68,Male,0,2024-08-04
967,51,719777,25,Female,0,2026-05-03
968,55,1182469,20,Male,0,2026-04-06
969,67,236321,34,Male,0,2026-03-05
970,51,356498,26,Female,1,2025-11-19
971,35,2138762,5,Male,1,2025-04-05
972,47,594583,99,Male,0,2026-07-17
973,32,1300500,61,Female,0,2025-09-01
974,44,1776590,92,Male,0,2024-04-14
975,68,1599872,93,Male,0,2024-04-08
976,51,1276299,9,Female,0,2025-05-25
977,69,2161977,50,Male,0,2025-01-19
978,74,864468,6,Female,0,2025-02-08
979,55,2138904,83,Male,0,2026-04-02
980,50,1228400,60,Male,0,2025-06-01
981,41,1080112,44,Female,0,2025-04-20
982,32,558690,11,Female,0,2025-12-09
983,47,279973,66,Male,1,2026-05-12
984,72,834122,47,Female,0,2025-10-06
985,59,2242823,73,Female,1,2026-05-19
986,68,1248173,85,Male,0,2026-02-09
987,34,1702025,88,Male,0,2025-03-12
988,22,2112584,98,Male,0,2024-01-23
989,46,1795476,86,Female,0,2025-07-18
990,21,425049,3,Female,0,2025-11-07
991,27,1517191,76,Female,0,2025-12-14
992,73,2463855,92,Female,0,2025-04-02
993,34,2294529,30,Male,0,2024-03-23
994,27,947419,90,Female,0,2024-05-24
995,34,1279924,21,Male,1,2024-03-25
996,37,1444380,28,Female,0,2024-03-18
997,41,2036185,90,Male,0,2025-04-01
998,22,2432984,62,Male,0,2026-05-27
999,51,1543499,33,Male,1,2024-01-01
1000,23,1854753,85,Female,0,2024-02-20
